,Unnamed: 0,section,ennode,exnode,entype,extype,timedelta,cnt,oricnt,descnt,iscor,distance
0,0,"('3003EN','34180B')",3003EN,34180B,1,1,148.8694250403009,1861,7078,9752,1,5312
1,1,"('3808EN','3809EX')",3808EN,3809EX,1,1,593.0,1,5018,8153,0,13416
2,3,"('340813','340D03')",340813,340D03,3,3,3416.0,1,52025,32856,0,65293
3,4,"('34040B','350409')",34040B,350409,3,3,4407.727272727273,11,7672,13431,0,370415
4,5,"('350135','350D1B')",350135,350D1B,3,3,256.0,1,7338,30590,0,3469
